cloudflare-tfvend	infra	y
infra	infra	y
observability-config	infra	y
maps	maps	n
robot-geographical-society	maps	n
pointcollector	maps	n
discord-maps	maps	y
tommybot	models	n
is-the-mountain-out	models	n
transit-tracker-tui	models	n
tallest-tree	models	n
wikipedia-local	models	n
walksheds	web	n
walksheds-wiki	web	n
walksheds-dev-wiki	web	n
vitamind	web	n
intentcity	web	n
JudkinsParkForPeople	web	n
Bathymetryst	web	n
sporty40	web	n
tommyroar.github.io	web	n
.github	web	n
obsidian-automations	tools	y
discobots	tools	n
home-weather-hub	tools	n
RealityCapture	tools	n
esphome-transit-tracker	vendor	n
openjd-specifications	vendor	n
transit-tracker	vendor	n
pr-newspaper	archived	n
publisher	archived	n
